192.168.2.1,192.168.3.1/23,192.168.3.254,8.8.8.8,wekapod001
192.168.2.2,192.168.3.2/23,192.168.3.254,8.8.8.8,wekapod002
192.168.2.3,192.168.3.3/23,192.168.3.254,8.8.8.8,wekapod003
192.168.2.4,192.168.3.4/23,192.168.3.254,8.8.8.8,wekapod004
192.168.2.5,192.168.3.5/23,192.168.3.254,8.8.8.8,wekapod005
192.168.2.6,192.168.3.6/23,192.168.3.254,8.8.8.8,wekapod006
192.168.2.7,192.168.3.7/23,192.168.3.254,8.8.8.8,wekapod007
192.168.2.8,192.168.3.8/23,192.168.3.254,8.8.8.8,wekapod008
192.168.2.9,192.168.3.9/23,192.168.3.254,8.8.8.8,wekapod009
192.168.2.10,192.168.3.10/23,192.168.3.254,8.8.8.8,wekapod0010
192.168.2.11,192.168.3.11/23,192.168.3.254,8.8.8.8,wekapod0011
192.168.2.12,192.168.3.12/23,192.168.3.254,8.8.8.8,wekapod0012
192.168.2.13,192.168.3.13/23,192.168.3.254,8.8.8.8,wekapod0013
192.168.2.14,192.168.3.14/23,192.168.3.254,8.8.8.8,wekapod0014
192.168.2.15,192.168.3.15/23,192.168.3.254,8.8.8.8,wekapod0015
192.168.2.16,192.168.3.16/23,192.168.3.254,8.8.8.8,wekapod0016
192.168.2.17,192.168.3.17/23,192.168.3.254,8.8.8.8,wekapod0017
192.168.2.18,192.168.3.18/23,192.168.3.254,8.8.8.8,wekapod0018
192.168.2.19,192.168.3.19/23,192.168.3.254,8.8.8.8,wekapod0019
192.168.2.20,192.168.3.20/23,192.168.3.254,8.8.8.8,wekapod0020
192.168.2.21,192.168.3.21/23,192.168.3.254,8.8.8.8,wekapod0021
192.168.2.22,192.168.3.22/23,192.168.3.254,8.8.8.8,wekapod0022
192.168.2.23,192.168.3.23/23,192.168.3.254,8.8.8.8,wekapod0023
192.168.2.24,192.168.3.24/23,192.168.3.254,8.8.8.8,wekapod0024
192.168.2.25,192.168.3.25/23,192.168.3.254,8.8.8.8,wekapod0025
192.168.2.26,192.168.3.26/23,192.168.3.254,8.8.8.8,wekapod0026
192.168.2.27,192.168.3.27/23,192.168.3.254,8.8.8.8,wekapod0027
192.168.2.28,192.168.3.28/23,192.168.3.254,8.8.8.8,wekapod0028
192.168.2.29,192.168.3.29/23,192.168.3.254,8.8.8.8,wekapod0029
192.168.2.30,192.168.3.30/23,192.168.3.254,8.8.8.8,wekapod0030
192.168.2.31,192.168.3.31/23,192.168.3.254,8.8.8.8,wekapod0031
192.168.2.32,192.168.3.32/23,192.168.3.254,8.8.8.8,wekapod0032
192.168.2.33,192.168.3.33/23,192.168.3.254,8.8.8.8,wekapod0033
192.168.2.34,192.168.3.34/23,192.168.3.254,8.8.8.8,wekapod0034
192.168.2.35,192.168.3.35/23,192.168.3.254,8.8.8.8,wekapod0035
192.168.2.36,192.168.3.36/23,192.168.3.254,8.8.8.8,wekapod0036
192.168.2.37,192.168.3.37/23,192.168.3.254,8.8.8.8,wekapod0037
192.168.2.38,192.168.3.38/23,192.168.3.254,8.8.8.8,wekapod0038
192.168.2.39,192.168.3.39/23,192.168.3.254,8.8.8.8,wekapod0039
192.168.2.40,192.168.3.40/23,192.168.3.254,8.8.8.8,wekapod0040
192.168.2.41,192.168.3.41/23,192.168.3.254,8.8.8.8,wekapod0041
192.168.2.42,192.168.3.42/23,192.168.3.254,8.8.8.8,wekapod0042
192.168.2.43,192.168.3.43/23,192.168.3.254,8.8.8.8,wekapod0043
192.168.2.44,192.168.3.44/23,192.168.3.254,8.8.8.8,wekapod0044
192.168.2.45,192.168.3.45/23,192.168.3.254,8.8.8.8,wekapod0045
192.168.2.46,192.168.3.46/23,192.168.3.254,8.8.8.8,wekapod0046
192.168.2.47,192.168.3.47/23,192.168.3.254,8.8.8.8,wekapod0047
192.168.2.48,192.168.3.48/23,192.168.3.254,8.8.8.8,wekapod0048
192.168.2.49,192.168.3.49/23,192.168.3.254,8.8.8.8,wekapod0049
192.168.2.50,192.168.3.50/23,192.168.3.254,8.8.8.8,wekapod0050
192.168.2.51,192.168.3.51/23,192.168.3.254,8.8.8.8,wekapod0051
192.168.2.52,192.168.3.52/23,192.168.3.254,8.8.8.8,wekapod0052
192.168.2.53,192.168.3.53/23,192.168.3.254,8.8.8.8,wekapod0053
192.168.2.54,192.168.3.54/23,192.168.3.254,8.8.8.8,wekapod0054
192.168.2.55,192.168.3.55/23,192.168.3.254,8.8.8.8,wekapod0055
192.168.2.56,192.168.3.56/23,192.168.3.254,8.8.8.8,wekapod0056
192.168.2.57,192.168.3.57/23,192.168.3.254,8.8.8.8,wekapod0057
192.168.2.58,192.168.3.58/23,192.168.3.254,8.8.8.8,wekapod0058
192.168.2.59,192.168.3.59/23,192.168.3.254,8.8.8.8,wekapod0059
192.168.2.60,192.168.3.60/23,192.168.3.254,8.8.8.8,wekapod0060
192.168.2.61,192.168.3.61/23,192.168.3.254,8.8.8.8,wekapod0061
192.168.2.62,192.168.3.62/23,192.168.3.254,8.8.8.8,wekapod0062
192.168.2.63,192.168.3.63/23,192.168.3.254,8.8.8.8,wekapod0063
192.168.2.64,192.168.3.64/23,192.168.3.254,8.8.8.8,wekapod0064
192.168.2.65,192.168.3.65/23,192.168.3.254,8.8.8.8,wekapod0065
192.168.2.66,192.168.3.66/23,192.168.3.254,8.8.8.8,wekapod0066
192.168.2.67,192.168.3.67/23,192.168.3.254,8.8.8.8,wekapod0067
192.168.2.68,192.168.3.68/23,192.168.3.254,8.8.8.8,wekapod0068
192.168.2.69,192.168.3.69/23,192.168.3.254,8.8.8.8,wekapod0069
192.168.2.70,192.168.3.70/23,192.168.3.254,8.8.8.8,wekapod0070
192.168.2.71,192.168.3.71/23,192.168.3.254,8.8.8.8,wekapod0071
192.168.2.72,192.168.3.72/23,192.168.3.254,8.8.8.8,wekapod0072
192.168.2.73,192.168.3.73/23,192.168.3.254,8.8.8.8,wekapod0073
192.168.2.74,192.168.3.74/23,192.168.3.254,8.8.8.8,wekapod0074
192.168.2.75,192.168.3.75/23,192.168.3.254,8.8.8.8,wekapod0075
192.168.2.76,192.168.3.76/23,192.168.3.254,8.8.8.8,wekapod0076
192.168.2.77,192.168.3.77/23,192.168.3.254,8.8.8.8,wekapod0077
192.168.2.78,192.168.3.78/23,192.168.3.254,8.8.8.8,wekapod0078
192.168.2.79,192.168.3.79/23,192.168.3.254,8.8.8.8,wekapod0079
192.168.2.80,192.168.3.80/23,192.168.3.254,8.8.8.8,wekapod0080
192.168.2.81,192.168.3.81/23,192.168.3.254,8.8.8.8,wekapod0081
192.168.2.82,192.168.3.82/23,192.168.3.254,8.8.8.8,wekapod0082
192.168.2.83,192.168.3.83/23,192.168.3.254,8.8.8.8,wekapod0083
192.168.2.84,192.168.3.84/23,192.168.3.254,8.8.8.8,wekapod0084
192.168.2.85,192.168.3.85/23,192.168.3.254,8.8.8.8,wekapod0085
192.168.2.86,192.168.3.86/23,192.168.3.254,8.8.8.8,wekapod0086
192.168.2.87,192.168.3.87/23,192.168.3.254,8.8.8.8,wekapod0087
192.168.2.88,192.168.3.88/23,192.168.3.254,8.8.8.8,wekapod0088
192.168.2.89,192.168.3.89/23,192.168.3.254,8.8.8.8,wekapod0089
192.168.2.90,192.168.3.90/23,192.168.3.254,8.8.8.8,wekapod0090
192.168.2.91,192.168.3.91/23,192.168.3.254,8.8.8.8,wekapod0091
192.168.2.92,192.168.3.92/23,192.168.3.254,8.8.8.8,wekapod0092
192.168.2.93,192.168.3.93/23,192.168.3.254,8.8.8.8,wekapod0093
192.168.2.94,192.168.3.94/23,192.168.3.254,8.8.8.8,wekapod0094
192.168.2.95,192.168.3.95/23,192.168.3.254,8.8.8.8,wekapod0095
192.168.2.96,192.168.3.96/23,192.168.3.254,8.8.8.8,wekapod0096
192.168.2.97,192.168.3.97/23,192.168.3.254,8.8.8.8,wekapod0097
192.168.2.98,192.168.3.98/23,192.168.3.254,8.8.8.8,wekapod0098
192.168.2.99,192.168.3.99/23,192.168.3.254,8.8.8.8,wekapod0099
192.168.2.100,192.168.3.100/23,192.168.3.254,8.8.8.8,wekapod00100
192.168.2.101,192.168.3.101/23,192.168.3.254,8.8.8.8,wekapod00101
192.168.2.102,192.168.3.102/23,192.168.3.254,8.8.8.8,wekapod00102
192.168.2.103,192.168.3.103/23,192.168.3.254,8.8.8.8,wekapod00103
192.168.2.104,192.168.3.104/23,192.168.3.254,8.8.8.8,wekapod00104
192.168.2.105,192.168.3.105/23,192.168.3.254,8.8.8.8,wekapod00105
192.168.2.106,192.168.3.106/23,192.168.3.254,8.8.8.8,wekapod00106
192.168.2.107,192.168.3.107/23,192.168.3.254,8.8.8.8,wekapod00107
192.168.2.108,192.168.3.108/23,192.168.3.254,8.8.8.8,wekapod00108
192.168.2.109,192.168.3.109/23,192.168.3.254,8.8.8.8,wekapod00109
192.168.2.110,192.168.3.110/23,192.168.3.254,8.8.8.8,wekapod00110
192.168.2.111,192.168.3.111/23,192.168.3.254,8.8.8.8,wekapod00111
192.168.2.112,192.168.3.112/23,192.168.3.254,8.8.8.8,wekapod00112
192.168.2.113,192.168.3.113/23,192.168.3.254,8.8.8.8,wekapod00113
192.168.2.114,192.168.3.114/23,192.168.3.254,8.8.8.8,wekapod00114
192.168.2.115,192.168.3.115/23,192.168.3.254,8.8.8.8,wekapod00115
192.168.2.116,192.168.3.116/23,192.168.3.254,8.8.8.8,wekapod00116
192.168.2.117,192.168.3.117/23,192.168.3.254,8.8.8.8,wekapod00117
192.168.2.118,192.168.3.118/23,192.168.3.254,8.8.8.8,wekapod00118
192.168.2.119,192.168.3.119/23,192.168.3.254,8.8.8.8,wekapod00119
192.168.2.120,192.168.3.120/23,192.168.3.254,8.8.8.8,wekapod00120
192.168.2.121,192.168.3.121/23,192.168.3.254,8.8.8.8,wekapod00121
192.168.2.122,192.168.3.122/23,192.168.3.254,8.8.8.8,wekapod00122
192.168.2.123,192.168.3.123/23,192.168.3.254,8.8.8.8,wekapod00123
192.168.2.124,192.168.3.124/23,192.168.3.254,8.8.8.8,wekapod00124
192.168.2.125,192.168.3.125/23,192.168.3.254,8.8.8.8,wekapod00125
192.168.2.126,192.168.3.126/23,192.168.3.254,8.8.8.8,wekapod00126
192.168.2.127,192.168.3.127/23,192.168.3.254,8.8.8.8,wekapod00127
192.168.2.128,192.168.3.128/23,192.168.3.254,8.8.8.8,wekapod00128
192.168.2.129,192.168.3.129/23,192.168.3.254,8.8.8.8,wekapod00129
192.168.2.130,192.168.3.130/23,192.168.3.254,8.8.8.8,wekapod00130
192.168.2.131,192.168.3.131/23,192.168.3.254,8.8.8.8,wekapod00131
192.168.2.132,192.168.3.132/23,192.168.3.254,8.8.8.8,wekapod00132
192.168.2.133,192.168.3.133/23,192.168.3.254,8.8.8.8,wekapod00133
192.168.2.134,192.168.3.134/23,192.168.3.254,8.8.8.8,wekapod00134
192.168.2.135,192.168.3.135/23,192.168.3.254,8.8.8.8,wekapod00135
192.168.2.136,192.168.3.136/23,192.168.3.254,8.8.8.8,wekapod00136
192.168.2.137,192.168.3.137/23,192.168.3.254,8.8.8.8,wekapod00137
192.168.2.138,192.168.3.138/23,192.168.3.254,8.8.8.8,wekapod00138
192.168.2.139,192.168.3.139/23,192.168.3.254,8.8.8.8,wekapod00139
192.168.2.140,192.168.3.140/23,192.168.3.254,8.8.8.8,wekapod00140
192.168.2.141,192.168.3.141/23,192.168.3.254,8.8.8.8,wekapod00141
192.168.2.142,192.168.3.142/23,192.168.3.254,8.8.8.8,wekapod00142
192.168.2.143,192.168.3.143/23,192.168.3.254,8.8.8.8,wekapod00143
192.168.2.144,192.168.3.144/23,192.168.3.254,8.8.8.8,wekapod00144
192.168.2.145,192.168.3.145/23,192.168.3.254,8.8.8.8,wekapod00145
192.168.2.146,192.168.3.146/23,192.168.3.254,8.8.8.8,wekapod00146
192.168.2.147,192.168.3.147/23,192.168.3.254,8.8.8.8,wekapod00147
192.168.2.148,192.168.3.148/23,192.168.3.254,8.8.8.8,wekapod00148
192.168.2.149,192.168.3.149/23,192.168.3.254,8.8.8.8,wekapod00149
192.168.2.150,192.168.3.150/23,192.168.3.254,8.8.8.8,wekapod00150
192.168.2.151,192.168.3.151/23,192.168.3.254,8.8.8.8,wekapod00151
192.168.2.152,192.168.3.152/23,192.168.3.254,8.8.8.8,wekapod00152
192.168.2.153,192.168.3.153/23,192.168.3.254,8.8.8.8,wekapod00153
192.168.2.154,192.168.3.154/23,192.168.3.254,8.8.8.8,wekapod00154
192.168.2.155,192.168.3.155/23,192.168.3.254,8.8.8.8,wekapod00155
192.168.2.156,192.168.3.156/23,192.168.3.254,8.8.8.8,wekapod00156
192.168.2.157,192.168.3.157/23,192.168.3.254,8.8.8.8,wekapod00157
192.168.2.158,192.168.3.158/23,192.168.3.254,8.8.8.8,wekapod00158
192.168.2.159,192.168.3.159/23,192.168.3.254,8.8.8.8,wekapod00159
192.168.2.160,192.168.3.160/23,192.168.3.254,8.8.8.8,wekapod00160
192.168.2.161,192.168.3.161/23,192.168.3.254,8.8.8.8,wekapod00161
192.168.2.162,192.168.3.162/23,192.168.3.254,8.8.8.8,wekapod00162
192.168.2.163,192.168.3.163/23,192.168.3.254,8.8.8.8,wekapod00163
192.168.2.164,192.168.3.164/23,192.168.3.254,8.8.8.8,wekapod00164
192.168.2.165,192.168.3.165/23,192.168.3.254,8.8.8.8,wekapod00165
192.168.2.166,192.168.3.166/23,192.168.3.254,8.8.8.8,wekapod00166
192.168.2.167,192.168.3.167/23,192.168.3.254,8.8.8.8,wekapod00167
192.168.2.168,192.168.3.168/23,192.168.3.254,8.8.8.8,wekapod00168
192.168.2.169,192.168.3.169/23,192.168.3.254,8.8.8.8,wekapod00169
192.168.2.170,192.168.3.170/23,192.168.3.254,8.8.8.8,wekapod00170
192.168.2.171,192.168.3.171/23,192.168.3.254,8.8.8.8,wekapod00171
192.168.2.172,192.168.3.172/23,192.168.3.254,8.8.8.8,wekapod00172
192.168.2.173,192.168.3.173/23,192.168.3.254,8.8.8.8,wekapod00173
192.168.2.174,192.168.3.174/23,192.168.3.254,8.8.8.8,wekapod00174
192.168.2.175,192.168.3.175/23,192.168.3.254,8.8.8.8,wekapod00175
192.168.2.176,192.168.3.176/23,192.168.3.254,8.8.8.8,wekapod00176
192.168.2.177,192.168.3.177/23,192.168.3.254,8.8.8.8,wekapod00177
192.168.2.178,192.168.3.178/23,192.168.3.254,8.8.8.8,wekapod00178
192.168.2.179,192.168.3.179/23,192.168.3.254,8.8.8.8,wekapod00179
192.168.2.180,192.168.3.180/23,192.168.3.254,8.8.8.8,wekapod00180
192.168.2.181,192.168.3.181/23,192.168.3.254,8.8.8.8,wekapod00181
192.168.2.182,192.168.3.182/23,192.168.3.254,8.8.8.8,wekapod00182
192.168.2.183,192.168.3.183/23,192.168.3.254,8.8.8.8,wekapod00183
192.168.2.184,192.168.3.184/23,192.168.3.254,8.8.8.8,wekapod00184
192.168.2.185,192.168.3.185/23,192.168.3.254,8.8.8.8,wekapod00185
192.168.2.186,192.168.3.186/23,192.168.3.254,8.8.8.8,wekapod00186
192.168.2.187,192.168.3.187/23,192.168.3.254,8.8.8.8,wekapod00187
192.168.2.188,192.168.3.188/23,192.168.3.254,8.8.8.8,wekapod00188
192.168.2.189,192.168.3.189/23,192.168.3.254,8.8.8.8,wekapod00189
192.168.2.190,192.168.3.190/23,192.168.3.254,8.8.8.8,wekapod00190
192.168.2.191,192.168.3.191/23,192.168.3.254,8.8.8.8,wekapod00191
192.168.2.192,192.168.3.192/23,192.168.3.254,8.8.8.8,wekapod00192
192.168.2.193,192.168.3.193/23,192.168.3.254,8.8.8.8,wekapod00193
192.168.2.194,192.168.3.194/23,192.168.3.254,8.8.8.8,wekapod00194
192.168.2.195,192.168.3.195/23,192.168.3.254,8.8.8.8,wekapod00195
192.168.2.196,192.168.3.196/23,192.168.3.254,8.8.8.8,wekapod00196
192.168.2.197,192.168.3.197/23,192.168.3.254,8.8.8.8,wekapod00197
192.168.2.198,192.168.3.198/23,192.168.3.254,8.8.8.8,wekapod00198
192.168.2.199,192.168.3.199/23,192.168.3.254,8.8.8.8,wekapod00199
192.168.2.200,192.168.3.200/23,192.168.3.254,8.8.8.8,wekapod00200
192.168.2.201,192.168.3.201/23,192.168.3.254,8.8.8.8,wekapod00201
192.168.2.202,192.168.3.202/23,192.168.3.254,8.8.8.8,wekapod00202
192.168.2.203,192.168.3.203/23,192.168.3.254,8.8.8.8,wekapod00203
192.168.2.204,192.168.3.204/23,192.168.3.254,8.8.8.8,wekapod00204
192.168.2.205,192.168.3.205/23,192.168.3.254,8.8.8.8,wekapod00205
192.168.2.206,192.168.3.206/23,192.168.3.254,8.8.8.8,wekapod00206
192.168.2.207,192.168.3.207/23,192.168.3.254,8.8.8.8,wekapod00207
192.168.2.208,192.168.3.208/23,192.168.3.254,8.8.8.8,wekapod00208
192.168.2.209,192.168.3.209/23,192.168.3.254,8.8.8.8,wekapod00209
192.168.2.210,192.168.3.210/23,192.168.3.254,8.8.8.8,wekapod00210
192.168.2.211,192.168.3.211/23,192.168.3.254,8.8.8.8,wekapod00211
192.168.2.212,192.168.3.212/23,192.168.3.254,8.8.8.8,wekapod00212
192.168.2.213,192.168.3.213/23,192.168.3.254,8.8.8.8,wekapod00213
192.168.2.214,192.168.3.214/23,192.168.3.254,8.8.8.8,wekapod00214
192.168.2.215,192.168.3.215/23,192.168.3.254,8.8.8.8,wekapod00215
192.168.2.216,192.168.3.216/23,192.168.3.254,8.8.8.8,wekapod00216
192.168.2.217,192.168.3.217/23,192.168.3.254,8.8.8.8,wekapod00217
192.168.2.218,192.168.3.218/23,192.168.3.254,8.8.8.8,wekapod00218
192.168.2.219,192.168.3.219/23,192.168.3.254,8.8.8.8,wekapod00219
192.168.2.220,192.168.3.220/23,192.168.3.254,8.8.8.8,wekapod00220
192.168.2.221,192.168.3.221/23,192.168.3.254,8.8.8.8,wekapod00221
192.168.2.222,192.168.3.222/23,192.168.3.254,8.8.8.8,wekapod00222
192.168.2.223,192.168.3.223/23,192.168.3.254,8.8.8.8,wekapod00223
192.168.2.224,192.168.3.224/23,192.168.3.254,8.8.8.8,wekapod00224
192.168.2.225,192.168.3.225/23,192.168.3.254,8.8.8.8,wekapod00225
192.168.2.226,192.168.3.226/23,192.168.3.254,8.8.8.8,wekapod00226
192.168.2.227,192.168.3.227/23,192.168.3.254,8.8.8.8,wekapod00227
192.168.2.228,192.168.3.228/23,192.168.3.254,8.8.8.8,wekapod00228
192.168.2.229,192.168.3.229/23,192.168.3.254,8.8.8.8,wekapod00229
192.168.2.230,192.168.3.230/23,192.168.3.254,8.8.8.8,wekapod00230
192.168.2.231,192.168.3.231/23,192.168.3.254,8.8.8.8,wekapod00231
192.168.2.232,192.168.3.232/23,192.168.3.254,8.8.8.8,wekapod00232
192.168.2.233,192.168.3.233/23,192.168.3.254,8.8.8.8,wekapod00233
192.168.2.234,192.168.3.234/23,192.168.3.254,8.8.8.8,wekapod00234
192.168.2.235,192.168.3.235/23,192.168.3.254,8.8.8.8,wekapod00235
192.168.2.236,192.168.3.236/23,192.168.3.254,8.8.8.8,wekapod00236
192.168.2.237,192.168.3.237/23,192.168.3.254,8.8.8.8,wekapod00237
192.168.2.238,192.168.3.238/23,192.168.3.254,8.8.8.8,wekapod00238
192.168.2.239,192.168.3.239/23,192.168.3.254,8.8.8.8,wekapod00239
192.168.2.240,192.168.3.240/23,192.168.3.254,8.8.8.8,wekapod00240
192.168.2.241,192.168.3.241/23,192.168.3.254,8.8.8.8,wekapod00241
192.168.2.242,192.168.3.242/23,192.168.3.254,8.8.8.8,wekapod00242
192.168.2.243,192.168.3.243/23,192.168.3.254,8.8.8.8,wekapod00243
192.168.2.244,192.168.3.244/23,192.168.3.254,8.8.8.8,wekapod00244
192.168.2.245,192.168.3.245/23,192.168.3.254,8.8.8.8,wekapod00245
192.168.2.246,192.168.3.246/23,192.168.3.254,8.8.8.8,wekapod00246
192.168.2.247,192.168.3.247/23,192.168.3.254,8.8.8.8,wekapod00247
192.168.2.248,192.168.3.248/23,192.168.3.254,8.8.8.8,wekapod00248
192.168.2.249,192.168.3.249/23,192.168.3.254,8.8.8.8,wekapod00249
192.168.2.250,192.168.3.250/23,192.168.3.254,8.8.8.8,wekapod00250
